153.64, 1545, 9501, 64, 0, 0x0000000000000000
153.64, 1545, 9501, 64, 0, 0x0000000000000000
153.64, 1545, 9501, 64, 0, 0x0000000000000000
153.64, 1545, 9501, 64, 0, 0x0000000000000000
104.95, 1545, 9501, 63, 0, 0x0000000000000000
104.95, 1545, 9501, 63, 0, 0x0000000000000000
104.95, 1545, 9501, 63, 0, 0x0000000000000000
104.95, 1545, 9501, 63, 0, 0x0000000000000000
73.31, 1545, 9501, 63, 0, 0x0000000000000000
73.31, 1545, 9501, 63, 0, 0x0000000000000000
73.31, 1545, 9501, 63, 0, 0x0000000000000000
73.31, 1545, 9501, 63, 0, 0x0000000000000000
73.93, 1545, 9501, 63, 62, 0x0000000000000000
73.93, 1545, 9501, 63, 62, 0x0000000000000000
73.93, 1545, 9501, 63, 62, 0x0000000000000000
73.93, 1545, 9501, 63, 62, 0x0000000000000000
73.93, 1545, 9501, 63, 62, 0x0000000000000000
74.26, 1545, 9501, 63, 62, 0x0000000000000000
74.26, 1545, 9501, 63, 62, 0x0000000000000000
74.26, 1545, 9501, 63, 62, 0x0000000000000000
74.26, 1545, 9501, 63, 62, 0x0000000000000000
73.92, 1545, 9501, 62, 62, 0x0000000000000000
73.92, 1545, 9501, 62, 62, 0x0000000000000000
73.92, 1545, 9501, 62, 62, 0x0000000000000000
73.92, 1545, 9501, 62, 62, 0x0000000000000000
73.92, 1545, 9501, 62, 62, 0x0000000000000000
73.94, 1545, 9501, 62, 60, 0x0000000000000000
73.94, 1545, 9501, 62, 60, 0x0000000000000000
73.94, 1545, 9501, 62, 60, 0x0000000000000000
73.94, 1545, 9501, 62, 60, 0x0000000000000000
94.82, 1545, 9501, 67, 100, 0x0000000000000000
94.82, 1545, 9501, 67, 100, 0x0000000000000000
94.82, 1545, 9501, 67, 100, 0x0000000000000000
94.82, 1545, 9501, 67, 100, 0x0000000000000000
94.82, 1545, 9501, 67, 100, 0x0000000000000000
129.51, 1545, 9501, 68, 100, 0x0000000000000000
129.51, 1545, 9501, 68, 100, 0x0000000000000000
129.51, 1545, 9501, 68, 100, 0x0000000000000000
129.51, 1545, 9501, 68, 100, 0x0000000000000000
149.45, 1545, 9501, 68, 100, 0x0000000000000000
149.45, 1545, 9501, 68, 100, 0x0000000000000000
149.45, 1545, 9501, 68, 100, 0x0000000000000000
149.45, 1545, 9501, 68, 100, 0x0000000000000000
147.62, 1545, 9501, 68, 100, 0x0000000000000000
147.62, 1545, 9501, 68, 100, 0x0000000000000000
147.62, 1545, 9501, 68, 100, 0x0000000000000000
147.62, 1545, 9501, 68, 100, 0x0000000000000000
147.62, 1545, 9501, 68, 100, 0x0000000000000000
146.23, 1545, 9501, 68, 100, 0x0000000000000000
146.23, 1545, 9501, 68, 100, 0x0000000000000000
146.23, 1545, 9501, 68, 100, 0x0000000000000000
146.23, 1545, 9501, 68, 100, 0x0000000000000000
147.87, 1545, 9501, 69, 100, 0x0000000000000000
147.87, 1545, 9501, 69, 100, 0x0000000000000000
147.87, 1545, 9501, 69, 100, 0x0000000000000000
147.87, 1545, 9501, 69, 100, 0x0000000000000000
147.87, 1545, 9501, 69, 100, 0x0000000000000000
149.83, 1545, 9501, 69, 100, 0x0000000000000000
149.83, 1545, 9501, 69, 100, 0x0000000000000000
149.83, 1545, 9501, 69, 100, 0x0000000000000000
149.83, 1545, 9501, 69, 100, 0x0000000000000000
147.55, 1545, 9501, 68, 100, 0x0000000000000001
147.55, 1545, 9501, 68, 100, 0x0000000000000001
147.55, 1545, 9501, 68, 100, 0x0000000000000001
147.55, 1545, 9501, 68, 100, 0x0000000000000001
147.55, 1545, 9501, 68, 100, 0x0000000000000001
146.97, 1545, 9501, 69, 100, 0x0000000000000001
146.97, 1545, 9501, 69, 100, 0x0000000000000001
146.97, 1545, 9501, 69, 100, 0x0000000000000001
146.97, 1545, 9501, 69, 100, 0x0000000000000001
149.11, 1545, 9501, 69, 100, 0x0000000000000001
149.11, 1545, 9501, 69, 100, 0x0000000000000001
149.11, 1545, 9501, 69, 100, 0x0000000000000001
149.11, 1545, 9501, 69, 100, 0x0000000000000001
149.11, 1545, 9501, 69, 100, 0x0000000000000001
149.93, 1545, 9501, 69, 100, 0x0000000000000001
149.93, 1545, 9501, 69, 100, 0x0000000000000001
149.93, 1545, 9501, 69, 100, 0x0000000000000001
149.93, 1545, 9501, 69, 100, 0x0000000000000001
148.02, 1545, 9501, 69, 100, 0x0000000000000001
148.02, 1545, 9501, 69, 100, 0x0000000000000001
148.02, 1545, 9501, 69, 100, 0x0000000000000001
148.02, 1545, 9501, 69, 100, 0x0000000000000001
148.02, 1545, 9501, 69, 100, 0x0000000000000001
147.54, 1545, 9501, 69, 100, 0x0000000000000001
147.54, 1545, 9501, 69, 100, 0x0000000000000001
147.54, 1545, 9501, 69, 100, 0x0000000000000001
147.54, 1545, 9501, 69, 100, 0x0000000000000001
147.54, 1545, 9501, 69, 100, 0x0000000000000001
149.16, 1545, 9501, 69, 100, 0x0000000000000001
149.16, 1545, 9501, 69, 100, 0x0000000000000001
149.16, 1545, 9501, 69, 100, 0x0000000000000001
149.16, 1545, 9501, 69, 100, 0x0000000000000001
150.21, 1545, 9501, 69, 100, 0x0000000000000001
150.21, 1545, 9501, 69, 100, 0x0000000000000001
150.21, 1545, 9501, 69, 100, 0x0000000000000001
150.21, 1545, 9501, 69, 100, 0x0000000000000001
150.21, 1545, 9501, 69, 100, 0x0000000000000001
148.23, 1545, 9501, 69, 100, 0x0000000000000001
148.23, 1545, 9501, 69, 100, 0x0000000000000001
148.23, 1545, 9501, 69, 100, 0x0000000000000001
148.23, 1545, 9501, 69, 100, 0x0000000000000001
147.63, 1545, 9501, 69, 100, 0x0000000000000001
147.63, 1545, 9501, 69, 100, 0x0000000000000001
147.63, 1545, 9501, 69, 100, 0x0000000000000001
147.63, 1545, 9501, 69, 100, 0x0000000000000001
147.63, 1545, 9501, 69, 100, 0x0000000000000001
149.29, 1545, 9501, 69, 100, 0x0000000000000001
149.29, 1545, 9501, 69, 100, 0x0000000000000001
149.29, 1545, 9501, 69, 100, 0x0000000000000001
149.29, 1545, 9501, 69, 100, 0x0000000000000001
150.34, 1545, 9501, 69, 100, 0x0000000000000001
150.34, 1545, 9501, 69, 100, 0x0000000000000001
150.34, 1545, 9501, 69, 100, 0x0000000000000001
150.34, 1545, 9501, 69, 100, 0x0000000000000001
150.34, 1545, 9501, 69, 100, 0x0000000000000001
148.47, 1545, 9501, 69, 100, 0x0000000000000001
148.47, 1545, 9501, 69, 100, 0x0000000000000001
148.47, 1545, 9501, 69, 100, 0x0000000000000001
148.47, 1545, 9501, 69, 100, 0x0000000000000001
147.96, 1545, 9501, 69, 100, 0x0000000000000001
147.96, 1545, 9501, 69, 100, 0x0000000000000001
147.96, 1545, 9501, 69, 100, 0x0000000000000001
147.96, 1545, 9501, 69, 100, 0x0000000000000001
147.96, 1545, 9501, 69, 100, 0x0000000000000001
149.72, 1545, 9501, 69, 100, 0x0000000000000001
149.72, 1545, 9501, 69, 100, 0x0000000000000001
149.72, 1545, 9501, 69, 100, 0x0000000000000001
149.72, 1545, 9501, 69, 100, 0x0000000000000001
150.79, 1545, 9501, 69, 100, 0x0000000000000001
150.79, 1545, 9501, 69, 100, 0x0000000000000001
150.79, 1545, 9501, 69, 100, 0x0000000000000001
150.79, 1545, 9501, 69, 100, 0x0000000000000001
150.79, 1545, 9501, 69, 100, 0x0000000000000001
148.68, 1545, 9501, 69, 100, 0x0000000000000001
148.68, 1545, 9501, 69, 100, 0x0000000000000001
148.68, 1545, 9501, 69, 100, 0x0000000000000001
148.68, 1545, 9501, 69, 100, 0x0000000000000001
151.55, 1545, 9501, 69, 93, 0x0000000000000001
151.55, 1545, 9501, 69, 93, 0x0000000000000001
151.55, 1545, 9501, 69, 93, 0x0000000000000001
151.55, 1545, 9501, 69, 93, 0x0000000000000001
151.55, 1545, 9501, 69, 93, 0x0000000000000001
168.29, 1545, 9501, 70, 94, 0x0000000000000001
168.29, 1545, 9501, 70, 94, 0x0000000000000001
168.29, 1545, 9501, 70, 94, 0x0000000000000001
168.29, 1545, 9501, 70, 94, 0x0000000000000001
184.65, 1545, 9501, 70, 93, 0x0000000000000001
184.65, 1545, 9501, 70, 93, 0x0000000000000001
184.65, 1545, 9501, 70, 93, 0x0000000000000001
184.65, 1545, 9501, 70, 93, 0x0000000000000001
184.65, 1545, 9501, 70, 93, 0x0000000000000001
173.60, 1545, 9501, 68, 0, 0x0000000000000001
173.60, 1545, 9501, 68, 0, 0x0000000000000001
173.60, 1545, 9501, 68, 0, 0x0000000000000001
173.60, 1545, 9501, 68, 0, 0x0000000000000001
116.94, 1545, 9501, 64, 0, 0x0000000000000000
116.94, 1545, 9501, 64, 0, 0x0000000000000000
116.94, 1545, 9501, 64, 0, 0x0000000000000000
116.94, 1545, 9501, 64, 0, 0x0000000000000000
116.94, 1545, 9501, 64, 0, 0x0000000000000000
74.67, 1545, 9501, 64, 63, 0x0000000000000000
74.67, 1545, 9501, 64, 63, 0x0000000000000000
74.67, 1545, 9501, 64, 63, 0x0000000000000000
74.67, 1545, 9501, 64, 63, 0x0000000000000000
74.67, 1545, 9501, 64, 63, 0x0000000000000000
74.73, 1545, 9501, 63, 63, 0x0000000000000000
74.73, 1545, 9501, 63, 63, 0x0000000000000000
74.73, 1545, 9501, 63, 63, 0x0000000000000000
74.73, 1545, 9501, 63, 63, 0x0000000000000000
74.29, 1545, 9501, 63, 62, 0x0000000000000000
74.29, 1545, 9501, 63, 62, 0x0000000000000000
74.29, 1545, 9501, 63, 62, 0x0000000000000000
74.29, 1545, 9501, 63, 62, 0x0000000000000000
74.29, 1545, 9501, 63, 63, 0x0000000000000000
74.19, 1545, 9501, 63, 63, 0x0000000000000000
74.19, 1545, 9501, 63, 63, 0x0000000000000000
74.19, 1545, 9501, 63, 63, 0x0000000000000000
74.19, 1545, 9501, 63, 63, 0x0000000000000000
92.62, 1545, 9501, 67, 100, 0x0000000000000000
92.62, 1545, 9501, 67, 100, 0x0000000000000000
92.62, 1545, 9501, 67, 100, 0x0000000000000000
92.62, 1545, 9501, 67, 100, 0x0000000000000000
92.62, 1545, 9501, 67, 100, 0x0000000000000000
127.37, 1545, 9501, 69, 100, 0x0000000000000000
127.37, 1545, 9501, 69, 100, 0x0000000000000000
127.37, 1545, 9501, 69, 100, 0x0000000000000000
127.37, 1545, 9501, 69, 100, 0x0000000000000000
149.90, 1545, 9501, 69, 100, 0x0000000000000000
149.90, 1545, 9501, 69, 100, 0x0000000000000000
149.90, 1545, 9501, 69, 100, 0x0000000000000000
149.90, 1545, 9501, 69, 100, 0x0000000000000000
149.90, 1545, 9501, 69, 100, 0x0000000000000000
148.17, 1545, 9501, 69, 100, 0x0000000000000000
148.17, 1545, 9501, 69, 100, 0x0000000000000000
148.17, 1545, 9501, 69, 100, 0x0000000000000000
148.17, 1545, 9501, 69, 100, 0x0000000000000000
146.47, 1545, 9501, 69, 100, 0x0000000000000000
146.47, 1545, 9501, 69, 100, 0x0000000000000000
146.47, 1545, 9501, 69, 100, 0x0000000000000000
146.47, 1545, 9501, 69, 100, 0x0000000000000000
146.47, 1545, 9501, 69, 100, 0x0000000000000000
148.21, 1545, 9501, 69, 100, 0x0000000000000000
148.21, 1545, 9501, 69, 100, 0x0000000000000000
148.21, 1545, 9501, 69, 100, 0x0000000000000000
148.21, 1545, 9501, 69, 100, 0x0000000000000000
150.41, 1545, 9501, 69, 100, 0x0000000000000000
150.41, 1545, 9501, 69, 100, 0x0000000000000000
150.41, 1545, 9501, 69, 100, 0x0000000000000000
150.41, 1545, 9501, 69, 100, 0x0000000000000000
150.41, 1545, 9501, 69, 100, 0x0000000000000000
148.00, 1545, 9501, 69, 100, 0x0000000000000000
148.00, 1545, 9501, 69, 100, 0x0000000000000000
148.00, 1545, 9501, 69, 100, 0x0000000000000000
148.00, 1545, 9501, 69, 100, 0x0000000000000000
147.16, 1545, 9501, 70, 100, 0x0000000000000001
147.16, 1545, 9501, 70, 100, 0x0000000000000001
147.16, 1545, 9501, 70, 100, 0x0000000000000001
147.16, 1545, 9501, 70, 100, 0x0000000000000001
147.16, 1545, 9501, 70, 100, 0x0000000000000001
149.30, 1545, 9501, 70, 100, 0x0000000000000001
149.30, 1545, 9501, 70, 100, 0x0000000000000001
149.30, 1545, 9501, 70, 100, 0x0000000000000001
149.30, 1545, 9501, 70, 100, 0x0000000000000001
150.09, 1545, 9501, 70, 100, 0x0000000000000001
150.09, 1545, 9501, 70, 100, 0x0000000000000001
150.09, 1545, 9501, 70, 100, 0x0000000000000001
150.09, 1545, 9501, 70, 100, 0x0000000000000001
148.43, 1545, 9501, 70, 100, 0x0000000000000001
148.43, 1545, 9501, 70, 100, 0x0000000000000001
148.43, 1545, 9501, 70, 100, 0x0000000000000001
148.43, 1545, 9501, 70, 100, 0x0000000000000001
148.43, 1545, 9501, 70, 100, 0x0000000000000001
147.78, 1545, 9501, 70, 100, 0x0000000000000001
147.78, 1545, 9501, 70, 100, 0x0000000000000001
147.78, 1545, 9501, 70, 100, 0x0000000000000001
147.78, 1545, 9501, 70, 100, 0x0000000000000001
149.52, 1545, 9501, 70, 100, 0x0000000000000001
149.52, 1545, 9501, 70, 100, 0x0000000000000001
149.52, 1545, 9501, 70, 100, 0x0000000000000001
149.52, 1545, 9501, 70, 100, 0x0000000000000001
149.52, 1545, 9501, 70, 100, 0x0000000000000001
150.65, 1545, 9501, 70, 100, 0x0000000000000001
150.65, 1545, 9501, 70, 100, 0x0000000000000001
150.65, 1545, 9501, 70, 100, 0x0000000000000001
150.65, 1545, 9501, 70, 100, 0x0000000000000001
148.59, 1545, 9501, 70, 100, 0x0000000000000001
148.59, 1545, 9501, 70, 100, 0x0000000000000001
148.59, 1545, 9501, 70, 100, 0x0000000000000001
148.59, 1545, 9501, 70, 100, 0x0000000000000001
148.59, 1545, 9501, 70, 100, 0x0000000000000001
147.82, 1545, 9501, 70, 100, 0x0000000000000001
147.82, 1545, 9501, 70, 100, 0x0000000000000001
147.82, 1545, 9501, 70, 100, 0x0000000000000001
147.82, 1545, 9501, 70, 100, 0x0000000000000001
149.49, 1545, 9501, 70, 100, 0x0000000000000001
149.49, 1545, 9501, 70, 100, 0x0000000000000001
149.49, 1545, 9501, 70, 100, 0x0000000000000001
149.49, 1545, 9501, 70, 100, 0x0000000000000001
149.49, 1545, 9501, 70, 100, 0x0000000000000001
150.84, 1545, 9501, 70, 100, 0x0000000000000001
150.84, 1545, 9501, 70, 100, 0x0000000000000001
150.84, 1545, 9501, 70, 100, 0x0000000000000001
150.84, 1545, 9501, 70, 100, 0x0000000000000001
148.93, 1545, 9501, 70, 100, 0x0000000000000001
148.93, 1545, 9501, 70, 100, 0x0000000000000001
148.93, 1545, 9501, 70, 100, 0x0000000000000001
148.93, 1545, 9501, 70, 100, 0x0000000000000001
148.93, 1545, 9501, 70, 100, 0x0000000000000001
147.94, 1545, 9501, 70, 100, 0x0000000000000001
147.94, 1545, 9501, 70, 100, 0x0000000000000001
147.94, 1545, 9501, 70, 100, 0x0000000000000001
147.94, 1545, 9501, 70, 100, 0x0000000000000001
149.71, 1545, 9501, 70, 100, 0x0000000000000001
149.71, 1545, 9501, 70, 100, 0x0000000000000001
149.71, 1545, 9501, 70, 100, 0x0000000000000001
149.71, 1545, 9501, 70, 100, 0x0000000000000001
149.71, 1545, 9501, 70, 100, 0x0000000000000001
150.85, 1545, 9501, 70, 100, 0x0000000000000001
150.85, 1545, 9501, 70, 100, 0x0000000000000001
150.85, 1545, 9501, 70, 100, 0x0000000000000001
150.85, 1545, 9501, 70, 100, 0x0000000000000001
150.85, 1545, 9501, 70, 100, 0x0000000000000001
148.90, 1545, 9501, 70, 100, 0x0000000000000001
148.90, 1545, 9501, 70, 100, 0x0000000000000001
148.90, 1545, 9501, 70, 100, 0x0000000000000001
148.90, 1545, 9501, 70, 100, 0x0000000000000001
151.00, 1545, 9501, 70, 95, 0x0000000000000001
151.00, 1545, 9501, 70, 95, 0x0000000000000001
151.00, 1545, 9501, 70, 95, 0x0000000000000001
151.00, 1545, 9501, 70, 95, 0x0000000000000001
151.00, 1545, 9501, 70, 95, 0x0000000000000001
167.73, 1545, 9501, 71, 94, 0x0000000000000001
167.73, 1545, 9501, 71, 94, 0x0000000000000001
167.73, 1545, 9501, 71, 94, 0x0000000000000001
167.73, 1545, 9501, 71, 94, 0x0000000000000001
185.24, 1545, 9501, 71, 94, 0x0000000000000001
185.24, 1545, 9501, 71, 94, 0x0000000000000001
185.24, 1545, 9501, 71, 94, 0x0000000000000001
185.24, 1545, 9501, 71, 94, 0x0000000000000001
185.24, 1545, 9501, 71, 94, 0x0000000000000001
177.15, 1545, 9501, 67, 15, 0x0000000000000001
