12.55, 420, 41, 0, 0x0000000000000001
12.55, 420, 41, 0, 0x0000000000000001
12.55, 420, 41, 0, 0x0000000000000001
12.54, 420, 40, 0, 0x0000000000000001
12.54, 420, 40, 0, 0x0000000000000001
13.05, 420, 41, 0, 0x0000000000000000
13.05, 420, 41, 0, 0x0000000000000000
15.65, 420, 41, 57, 0x0000000000000000
15.65, 420, 41, 57, 0x0000000000000000
31.06, 1545, 43, 62, 0x0000000000000000
31.06, 1545, 43, 62, 0x0000000000000000
52.81, 1545, 44, 63, 0x0000000000000000
52.81, 1545, 44, 63, 0x0000000000000000
65.75, 1545, 44, 62, 0x0000000000000000
65.75, 1545, 44, 62, 0x0000000000000000
68.58, 1545, 45, 100, 0x0000000000000000
68.58, 1545, 45, 100, 0x0000000000000000
73.14, 1545, 45, 100, 0x0000000000000000
73.14, 1545, 45, 100, 0x0000000000000000
76.04, 1545, 45, 100, 0x0000000000000000
76.04, 1545, 45, 100, 0x0000000000000000
76.06, 1545, 45, 100, 0x0000000000000000
76.06, 1545, 45, 100, 0x0000000000000000
76.11, 1545, 46, 100, 0x0000000000000000
76.11, 1545, 46, 100, 0x0000000000000000
75.90, 1545, 46, 100, 0x0000000000000000
75.90, 1545, 46, 100, 0x0000000000000000
75.96, 1545, 46, 100, 0x0000000000000000
75.96, 1545, 46, 100, 0x0000000000000000
76.25, 1545, 46, 100, 0x0000000000000000
76.25, 1545, 46, 100, 0x0000000000000000
76.26, 1545, 46, 100, 0x0000000000000001
76.25, 1545, 46, 100, 0x0000000000000001
76.25, 1545, 46, 100, 0x0000000000000001
76.26, 1545, 46, 100, 0x0000000000000001
76.26, 1545, 46, 100, 0x0000000000000001
76.23, 1545, 46, 100, 0x0000000000000001
76.23, 1545, 46, 100, 0x0000000000000001
76.27, 1545, 46, 100, 0x0000000000000001
76.27, 1545, 46, 100, 0x0000000000000001
76.25, 1545, 46, 100, 0x0000000000000001
76.25, 1545, 46, 100, 0x0000000000000001
76.24, 1545, 46, 100, 0x0000000000000001
76.24, 1545, 46, 100, 0x0000000000000001
76.27, 1545, 47, 100, 0x0000000000000001
76.27, 1545, 47, 100, 0x0000000000000001
76.38, 1545, 46, 100, 0x0000000000000001
76.38, 1545, 46, 100, 0x0000000000000001
76.47, 1545, 47, 100, 0x0000000000000001
76.47, 1545, 47, 100, 0x0000000000000001
76.45, 1545, 47, 100, 0x0000000000000001
76.45, 1545, 47, 100, 0x0000000000000001
76.48, 1545, 47, 100, 0x0000000000000001
76.48, 1545, 47, 100, 0x0000000000000001
76.47, 1545, 47, 100, 0x0000000000000001
76.47, 1545, 47, 100, 0x0000000000000001
76.48, 1545, 47, 100, 0x0000000000000001
76.48, 1545, 47, 100, 0x0000000000000001
76.51, 1545, 47, 100, 0x0000000000000001
76.51, 1545, 47, 100, 0x0000000000000001
76.54, 1545, 47, 100, 0x0000000000000001
76.54, 1545, 47, 100, 0x0000000000000001
76.54, 1545, 47, 100, 0x0000000000000001
76.54, 1545, 47, 100, 0x0000000000000001
76.54, 1545, 47, 100, 0x0000000000000001
76.54, 1545, 47, 100, 0x0000000000000001
76.46, 1545, 47, 100, 0x0000000000000001
76.46, 1545, 47, 100, 0x0000000000000001
76.38, 1545, 47, 100, 0x0000000000000001
76.38, 1545, 47, 100, 0x0000000000000001
76.43, 1545, 48, 100, 0x0000000000000001
76.43, 1545, 48, 100, 0x0000000000000001
76.44, 1545, 48, 100, 0x0000000000000001
76.44, 1545, 48, 100, 0x0000000000000001
77.67, 1545, 49, 81, 0x0000000000000001
77.67, 1545, 49, 81, 0x0000000000000001
91.89, 1545, 50, 98, 0x0000000000000001
91.89, 1545, 50, 98, 0x0000000000000001
106.15, 1545, 50, 97, 0x0000000000000001
106.15, 1545, 50, 97, 0x0000000000000001
107.95, 1545, 50, 98, 0x0000000000000001
107.95, 1545, 50, 98, 0x0000000000000001
108.07, 1545, 50, 98, 0x0000000000000001
108.07, 1545, 50, 98, 0x0000000000000001
