103.33, 1545, 57, 0, 0x0000000000000001
84.18, 1545, 56, 0, 0x0000000000000001
84.18, 1545, 56, 0, 0x0000000000000001
68.17, 1545, 56, 2, 0x0000000000000000
68.17, 1545, 56, 2, 0x0000000000000000
68.75, 1545, 56, 71, 0x0000000000000000
68.75, 1545, 56, 71, 0x0000000000000000
69.24, 1545, 56, 59, 0x0000000000000000
69.24, 1545, 56, 59, 0x0000000000000000
69.32, 1545, 56, 63, 0x0000000000000000
69.32, 1545, 56, 63, 0x0000000000000000
69.20, 1545, 56, 60, 0x0000000000000000
69.20, 1545, 56, 60, 0x0000000000000000
70.48, 1545, 56, 100, 0x0000000000000000
70.48, 1545, 56, 100, 0x0000000000000000
74.42, 1545, 57, 100, 0x0000000000000000
74.42, 1545, 57, 100, 0x0000000000000000
77.89, 1545, 57, 100, 0x0000000000000000
77.89, 1545, 57, 100, 0x0000000000000000
77.90, 1545, 57, 100, 0x0000000000000000
77.90, 1545, 57, 100, 0x0000000000000000
77.96, 1545, 57, 100, 0x0000000000000000
77.96, 1545, 57, 100, 0x0000000000000000
77.89, 1545, 57, 92, 0x0000000000000000
77.89, 1545, 57, 92, 0x0000000000000000
77.92, 1545, 57, 100, 0x0000000000000000
77.92, 1545, 57, 100, 0x0000000000000000
77.98, 1545, 57, 100, 0x0000000000000000
77.98, 1545, 57, 100, 0x0000000000000000
77.99, 1545, 57, 100, 0x0000000000000000
77.99, 1545, 57, 100, 0x0000000000000000
77.91, 1545, 57, 100, 0x0000000000000001
77.91, 1545, 57, 100, 0x0000000000000001
77.93, 1545, 57, 97, 0x0000000000000001
77.93, 1545, 57, 97, 0x0000000000000001
77.99, 1545, 57, 100, 0x0000000000000001
77.99, 1545, 57, 100, 0x0000000000000001
78.03, 1545, 57, 100, 0x0000000000000001
78.03, 1545, 57, 100, 0x0000000000000001
78.08, 1545, 57, 100, 0x0000000000000001
78.08, 1545, 57, 100, 0x0000000000000001
78.15, 1545, 57, 100, 0x0000000000000001
78.15, 1545, 57, 100, 0x0000000000000001
78.15, 1545, 57, 97, 0x0000000000000001
78.15, 1545, 57, 97, 0x0000000000000001
78.18, 1545, 57, 100, 0x0000000000000001
78.18, 1545, 57, 100, 0x0000000000000001
78.18, 1545, 57, 100, 0x0000000000000001
78.18, 1545, 57, 100, 0x0000000000000001
78.16, 1545, 57, 100, 0x0000000000000001
78.16, 1545, 57, 100, 0x0000000000000001
78.27, 1545, 57, 100, 0x0000000000000001
78.27, 1545, 57, 100, 0x0000000000000001
78.28, 1545, 57, 100, 0x0000000000000001
78.28, 1545, 57, 100, 0x0000000000000001
78.23, 1545, 57, 100, 0x0000000000000001
78.23, 1545, 57, 100, 0x0000000000000001
78.21, 1545, 57, 100, 0x0000000000000001
78.21, 1545, 57, 100, 0x0000000000000001
78.24, 1545, 57, 100, 0x0000000000000001
78.24, 1545, 57, 100, 0x0000000000000001
78.25, 1545, 57, 100, 0x0000000000000001
78.25, 1545, 57, 100, 0x0000000000000001
78.23, 1545, 58, 100, 0x0000000000000001
78.23, 1545, 58, 100, 0x0000000000000001
78.23, 1545, 58, 100, 0x0000000000000001
78.23, 1545, 58, 100, 0x0000000000000001
78.19, 1545, 58, 100, 0x0000000000000001
78.19, 1545, 58, 100, 0x0000000000000001
78.07, 1545, 58, 100, 0x0000000000000001
78.07, 1545, 58, 100, 0x0000000000000001
78.06, 1545, 58, 100, 0x0000000000000001
78.06, 1545, 58, 100, 0x0000000000000001
78.10, 1545, 58, 100, 0x0000000000000001
78.10, 1545, 58, 100, 0x0000000000000001
89.26, 1545, 59, 98, 0x0000000000000001
89.26, 1545, 59, 98, 0x0000000000000001
103.95, 1545, 60, 96, 0x0000000000000001
103.95, 1545, 60, 96, 0x0000000000000001
110.15, 1545, 60, 97, 0x0000000000000001
110.15, 1545, 60, 97, 0x0000000000000001
110.06, 1545, 60, 95, 0x0000000000000001
110.06, 1545, 60, 95, 0x0000000000000001
110.61, 1545, 60, 98, 0x0000000000000001
