13.75, 420, 405, 52, 0, 0x0000000000000001
13.75, 420, 405, 52, 0, 0x0000000000000001
13.75, 420, 405, 52, 0, 0x0000000000000001
13.75, 420, 405, 52, 0, 0x0000000000000001
13.96, 420, 405, 52, 0, 0x0000000000000001
13.96, 420, 405, 52, 0, 0x0000000000000001
14.34, 420, 405, 52, 0, 0x0000000000000000
17.08, 420, 405, 52, 59, 0x0000000000000000
17.08, 420, 405, 52, 59, 0x0000000000000000
34.30, 1545, 9501, 55, 63, 0x0000000000000000
34.30, 1545, 9501, 55, 63, 0x0000000000000000
57.13, 1545, 9501, 55, 60, 0x0000000000000000
57.13, 1545, 9501, 55, 60, 0x0000000000000000
69.28, 1545, 9501, 55, 62, 0x0000000000000000
69.28, 1545, 9501, 55, 62, 0x0000000000000000
85.72, 1545, 9501, 59, 66, 0x0000000000000000
85.72, 1545, 9501, 59, 66, 0x0000000000000000
121.49, 1545, 9501, 61, 80, 0x0000000000000000
121.49, 1545, 9501, 61, 80, 0x0000000000000000
146.44, 1545, 9501, 62, 82, 0x0000000000000000
146.44, 1545, 9501, 62, 82, 0x0000000000000000
154.99, 1545, 9501, 62, 93, 0x0000000000000000
154.99, 1545, 9501, 62, 93, 0x0000000000000000
167.04, 1545, 9501, 59, 71, 0x0000000000000000
