13.72, 420, 405, 52, 0, 0x0000000000000001
13.72, 420, 405, 52, 0, 0x0000000000000001
13.72, 420, 405, 52, 0, 0x0000000000000001
13.72, 420, 405, 52, 0, 0x0000000000000001
13.72, 420, 405, 52, 0, 0x0000000000000001
13.72, 420, 405, 52, 0, 0x0000000000000001
13.72, 420, 405, 52, 0, 0x0000000000000001
13.72, 420, 405, 52, 0, 0x0000000000000001
13.72, 420, 405, 52, 0, 0x0000000000000001
13.89, 420, 405, 52, 0, 0x0000000000000000
13.89, 420, 405, 52, 0, 0x0000000000000000
13.89, 420, 405, 52, 0, 0x0000000000000000
13.89, 420, 405, 52, 0, 0x0000000000000000
15.14, 420, 405, 52, 99, 0x0000000000000000
15.14, 420, 405, 52, 99, 0x0000000000000000
15.14, 420, 405, 52, 99, 0x0000000000000000
15.14, 420, 405, 52, 99, 0x0000000000000000
33.31, 1545, 9501, 54, 56, 0x0000000000000000
33.31, 1545, 9501, 54, 56, 0x0000000000000000
33.31, 1545, 9501, 54, 56, 0x0000000000000000
33.31, 1545, 9501, 54, 56, 0x0000000000000000
33.31, 1545, 9501, 54, 56, 0x0000000000000000
57.01, 1545, 9501, 55, 62, 0x0000000000000000
57.01, 1545, 9501, 55, 62, 0x0000000000000000
57.01, 1545, 9501, 55, 62, 0x0000000000000000
57.01, 1545, 9501, 55, 62, 0x0000000000000000
69.29, 1545, 9501, 55, 58, 0x0000000000000000
69.29, 1545, 9501, 55, 58, 0x0000000000000000
69.29, 1545, 9501, 55, 58, 0x0000000000000000
69.29, 1545, 9501, 55, 58, 0x0000000000000000
69.29, 1545, 9501, 55, 58, 0x0000000000000000
69.48, 1545, 9501, 55, 61, 0x0000000000000000
69.48, 1545, 9501, 55, 61, 0x0000000000000000
69.48, 1545, 9501, 55, 61, 0x0000000000000000
69.48, 1545, 9501, 55, 61, 0x0000000000000000
99.72, 1545, 9501, 61, 100, 0x0000000000000000
99.72, 1545, 9501, 61, 100, 0x0000000000000000
99.72, 1545, 9501, 61, 100, 0x0000000000000000
99.72, 1545, 9501, 61, 100, 0x0000000000000000
99.72, 1545, 9501, 61, 100, 0x0000000000000000
136.37, 1545, 9501, 61, 97, 0x0000000000000000
136.37, 1545, 9501, 61, 97, 0x0000000000000000
136.37, 1545, 9501, 61, 97, 0x0000000000000000
136.37, 1545, 9501, 61, 97, 0x0000000000000000
149.87, 1545, 9501, 62, 72, 0x0000000000000000
149.87, 1545, 9501, 62, 72, 0x0000000000000000
149.87, 1545, 9501, 62, 72, 0x0000000000000000
149.87, 1545, 9501, 62, 72, 0x0000000000000000
149.87, 1545, 9501, 62, 72, 0x0000000000000000
162.23, 1545, 9501, 62, 94, 0x0000000000000000
162.23, 1545, 9501, 62, 94, 0x0000000000000000
162.23, 1545, 9501, 62, 94, 0x0000000000000000
162.23, 1545, 9501, 62, 94, 0x0000000000000000
